lasagna,/m/011jxn,2004-01,23
lasagna,/m/011jxn,2004-02,24
lasagna,/m/011jxn,2004-03,23
lasagna,/m/011jxn,2004-04,20
lasagna,/m/011jxn,2004-05,18
lasagna,/m/011jxn,2004-06,20
lasagna,/m/011jxn,2004-07,22
lasagna,/m/011jxn,2004-08,20
lasagna,/m/011jxn,2004-09,21
lasagna,/m/011jxn,2004-10,21
lasagna,/m/011jxn,2004-11,19
lasagna,/m/011jxn,2004-12,19
lasagna,/m/011jxn,2004-13,18
lasagna,/m/011jxn,2004-14,20
lasagna,/m/011jxn,2004-15,19
lasagna,/m/011jxn,2004-16,16
lasagna,/m/011jxn,2004-17,13
lasagna,/m/011jxn,2004-18,14
lasagna,/m/011jxn,2004-19,14
lasagna,/m/011jxn,2004-20,12
lasagna,/m/011jxn,2004-21,14
lasagna,/m/011jxn,2004-22,15
lasagna,/m/011jxn,2004-23,14
lasagna,/m/011jxn,2004-24,18
lasagna,/m/011jxn,2004-25,15
lasagna,/m/011jxn,2004-26,15
lasagna,/m/011jxn,2004-27,16
lasagna,/m/011jxn,2004-28,16
lasagna,/m/011jxn,2004-29,16
lasagna,/m/011jxn,2004-30,16
lasagna,/m/011jxn,2004-31,13
lasagna,/m/011jxn,2004-32,18
lasagna,/m/011jxn,2004-33,15
lasagna,/m/011jxn,2004-34,17
lasagna,/m/011jxn,2004-35,18
lasagna,/m/011jxn,2004-36,18
lasagna,/m/011jxn,2004-37,18
lasagna,/m/011jxn,2004-38,18
lasagna,/m/011jxn,2004-39,18
lasagna,/m/011jxn,2004-40,18
lasagna,/m/011jxn,2004-41,19
lasagna,/m/011jxn,2004-42,19
lasagna,/m/011jxn,2004-43,20
lasagna,/m/011jxn,2004-44,21
lasagna,/m/011jxn,2004-45,23
lasagna,/m/011jxn,2004-46,22
lasagna,/m/011jxn,2004-47,24
lasagna,/m/011jxn,2004-48,21
lasagna,/m/011jxn,2004-49,21
lasagna,/m/011jxn,2004-50,23
lasagna,/m/011jxn,2004-51,42
lasagna,/m/011jxn,2004-52,29
lasagna,/m/011jxn,2005-01,19
lasagna,/m/011jxn,2005-02,22
lasagna,/m/011jxn,2005-03,24
lasagna,/m/011jxn,2005-04,23
lasagna,/m/011jxn,2005-05,20
lasagna,/m/011jxn,2005-06,18
lasagna,/m/011jxn,2005-07,23
lasagna,/m/011jxn,2005-08,19
lasagna,/m/011jxn,2005-09,21
lasagna,/m/011jxn,2005-10,21
lasagna,/m/011jxn,2005-11,16
lasagna,/m/011jxn,2005-12,21
lasagna,/m/011jxn,2005-13,19
lasagna,/m/011jxn,2005-14,19
lasagna,/m/011jxn,2005-15,16
lasagna,/m/011jxn,2005-16,17
lasagna,/m/011jxn,2005-17,18
lasagna,/m/011jxn,2005-18,15
lasagna,/m/011jxn,2005-19,18
lasagna,/m/011jxn,2005-20,18
lasagna,/m/011jxn,2005-21,14
lasagna,/m/011jxn,2005-22,14
lasagna,/m/011jxn,2005-23,16
lasagna,/m/011jxn,2005-24,16
lasagna,/m/011jxn,2005-25,14
lasagna,/m/011jxn,2005-26,15
lasagna,/m/011jxn,2005-27,15
lasagna,/m/011jxn,2005-28,15
lasagna,/m/011jxn,2005-29,17
lasagna,/m/011jxn,2005-30,15
lasagna,/m/011jxn,2005-31,17
lasagna,/m/011jxn,2005-32,18
lasagna,/m/011jxn,2005-33,18
lasagna,/m/011jxn,2005-34,19
lasagna,/m/011jxn,2005-35,19
lasagna,/m/011jxn,2005-36,22
lasagna,/m/011jxn,2005-37,19
lasagna,/m/011jxn,2005-38,23
lasagna,/m/011jxn,2005-39,23
lasagna,/m/011jxn,2005-40,24
lasagna,/m/011jxn,2005-41,25
lasagna,/m/011jxn,2005-42,23
lasagna,/m/011jxn,2005-43,22
lasagna,/m/011jxn,2005-44,22
lasagna,/m/011jxn,2005-45,26
lasagna,/m/011jxn,2005-46,23
lasagna,/m/011jxn,2005-47,26
lasagna,/m/011jxn,2005-48,22
lasagna,/m/011jxn,2005-49,23
lasagna,/m/011jxn,2005-50,28
lasagna,/m/011jxn,2005-51,42
lasagna,/m/011jxn,2005-52,28
lasagna,/m/011jxn,2006-01,25
lasagna,/m/011jxn,2006-02,27
lasagna,/m/011jxn,2006-03,25
lasagna,/m/011jxn,2006-04,22
lasagna,/m/011jxn,2006-05,27
lasagna,/m/011jxn,2006-06,25
lasagna,/m/011jxn,2006-07,28
lasagna,/m/011jxn,2006-08,22
lasagna,/m/011jxn,2006-09,24
lasagna,/m/011jxn,2006-10,20
lasagna,/m/011jxn,2006-11,23
lasagna,/m/011jxn,2006-12,23
lasagna,/m/011jxn,2006-13,23
lasagna,/m/011jxn,2006-14,21
lasagna,/m/011jxn,2006-15,23
lasagna,/m/011jxn,2006-16,18
lasagna,/m/011jxn,2006-17,18
lasagna,/m/011jxn,2006-18,17
lasagna,/m/011jxn,2006-19,20
lasagna,/m/011jxn,2006-20,19
lasagna,/m/011jxn,2006-21,17
lasagna,/m/011jxn,2006-22,16
lasagna,/m/011jxn,2006-23,17
lasagna,/m/011jxn,2006-24,19
lasagna,/m/011jxn,2006-25,17
lasagna,/m/011jxn,2006-26,17
lasagna,/m/011jxn,2006-27,17
lasagna,/m/011jxn,2006-28,18
lasagna,/m/011jxn,2006-29,19
lasagna,/m/011jxn,2006-30,17
lasagna,/m/011jxn,2006-31,20
lasagna,/m/011jxn,2006-32,18
lasagna,/m/011jxn,2006-33,20
lasagna,/m/011jxn,2006-34,20
lasagna,/m/011jxn,2006-35,23
lasagna,/m/011jxn,2006-36,25
lasagna,/m/011jxn,2006-37,26
lasagna,/m/011jxn,2006-38,27
lasagna,/m/011jxn,2006-39,26
lasagna,/m/011jxn,2006-40,25
lasagna,/m/011jxn,2006-41,26
lasagna,/m/011jxn,2006-42,25
lasagna,/m/011jxn,2006-43,24
lasagna,/m/011jxn,2006-44,23
lasagna,/m/011jxn,2006-45,21
lasagna,/m/011jxn,2006-46,25
lasagna,/m/011jxn,2006-47,23
lasagna,/m/011jxn,2006-48,22
lasagna,/m/011jxn,2006-49,21
lasagna,/m/011jxn,2006-50,26
lasagna,/m/011jxn,2006-51,37
lasagna,/m/011jxn,2006-52,30
lasagna,/m/011jxn,2007-01,24
lasagna,/m/011jxn,2007-02,26
lasagna,/m/011jxn,2007-03,26
lasagna,/m/011jxn,2007-04,25
lasagna,/m/011jxn,2007-05,24
lasagna,/m/011jxn,2007-06,27
lasagna,/m/011jxn,2007-07,24
lasagna,/m/011jxn,2007-08,23
lasagna,/m/011jxn,2007-09,22
lasagna,/m/011jxn,2007-10,19
lasagna,/m/011jxn,2007-11,20
lasagna,/m/011jxn,2007-12,19
lasagna,/m/011jxn,2007-13,25
lasagna,/m/011jxn,2007-14,19
lasagna,/m/011jxn,2007-15,18
lasagna,/m/011jxn,2007-16,17
lasagna,/m/011jxn,2007-17,16
lasagna,/m/011jxn,2007-18,15
lasagna,/m/011jxn,2007-19,18
lasagna,/m/011jxn,2007-20,18
lasagna,/m/011jxn,2007-21,17
lasagna,/m/011jxn,2007-22,16
lasagna,/m/011jxn,2007-23,19
lasagna,/m/011jxn,2007-24,17
lasagna,/m/011jxn,2007-25,17
lasagna,/m/011jxn,2007-26,16
lasagna,/m/011jxn,2007-27,18
lasagna,/m/011jxn,2007-28,19
lasagna,/m/011jxn,2007-29,19
lasagna,/m/011jxn,2007-30,16
lasagna,/m/011jxn,2007-31,19
lasagna,/m/011jxn,2007-32,20
lasagna,/m/011jxn,2007-33,19
lasagna,/m/011jxn,2007-34,21
lasagna,/m/011jxn,2007-35,21
lasagna,/m/011jxn,2007-36,21
lasagna,/m/011jxn,2007-37,22
lasagna,/m/011jxn,2007-38,22
lasagna,/m/011jxn,2007-39,25
lasagna,/m/011jxn,2007-40,26
lasagna,/m/011jxn,2007-41,23
lasagna,/m/011jxn,2007-42,24
lasagna,/m/011jxn,2007-43,24
lasagna,/m/011jxn,2007-44,27
lasagna,/m/011jxn,2007-45,29
lasagna,/m/011jxn,2007-46,28
lasagna,/m/011jxn,2007-47,24
lasagna,/m/011jxn,2007-48,27
lasagna,/m/011jxn,2007-49,27
lasagna,/m/011jxn,2007-50,38
lasagna,/m/011jxn,2007-51,44
lasagna,/m/011jxn,2007-52,30
lasagna,/m/011jxn,2008-01,27
lasagna,/m/011jxn,2008-02,30
lasagna,/m/011jxn,2008-03,31
lasagna,/m/011jxn,2008-04,28
lasagna,/m/011jxn,2008-05,25
lasagna,/m/011jxn,2008-06,30
lasagna,/m/011jxn,2008-07,27
lasagna,/m/011jxn,2008-08,26
lasagna,/m/011jxn,2008-09,26
lasagna,/m/011jxn,2008-10,26
lasagna,/m/011jxn,2008-11,30
lasagna,/m/011jxn,2008-12,24
lasagna,/m/011jxn,2008-13,25
lasagna,/m/011jxn,2008-14,23
lasagna,/m/011jxn,2008-15,22
lasagna,/m/011jxn,2008-16,22
lasagna,/m/011jxn,2008-17,19
lasagna,/m/011jxn,2008-18,21
lasagna,/m/011jxn,2008-19,20
lasagna,/m/011jxn,2008-20,17
lasagna,/m/011jxn,2008-21,17
lasagna,/m/011jxn,2008-22,18
lasagna,/m/011jxn,2008-23,17
lasagna,/m/011jxn,2008-24,19
lasagna,/m/011jxn,2008-25,19
lasagna,/m/011jxn,2008-26,16
lasagna,/m/011jxn,2008-27,18
lasagna,/m/011jxn,2008-28,22
lasagna,/m/011jxn,2008-29,21
lasagna,/m/011jxn,2008-30,20
lasagna,/m/011jxn,2008-31,20
lasagna,/m/011jxn,2008-32,20
lasagna,/m/011jxn,2008-33,21
lasagna,/m/011jxn,2008-34,21
lasagna,/m/011jxn,2008-35,22
lasagna,/m/011jxn,2008-36,25
lasagna,/m/011jxn,2008-37,26
lasagna,/m/011jxn,2008-38,26
lasagna,/m/011jxn,2008-39,26
lasagna,/m/011jxn,2008-40,28
lasagna,/m/011jxn,2008-41,27
lasagna,/m/011jxn,2008-42,28
lasagna,/m/011jxn,2008-43,27
lasagna,/m/011jxn,2008-44,27
lasagna,/m/011jxn,2008-45,30
lasagna,/m/011jxn,2008-46,31
lasagna,/m/011jxn,2008-47,31
lasagna,/m/011jxn,2008-48,27
lasagna,/m/011jxn,2008-49,30
lasagna,/m/011jxn,2008-50,37
lasagna,/m/011jxn,2008-51,57
lasagna,/m/011jxn,2008-52,40
lasagna,/m/011jxn,2009-01,30
lasagna,/m/011jxn,2009-02,33
lasagna,/m/011jxn,2009-03,32
lasagna,/m/011jxn,2009-04,32
lasagna,/m/011jxn,2009-05,32
lasagna,/m/011jxn,2009-06,34
lasagna,/m/011jxn,2009-07,34
lasagna,/m/011jxn,2009-08,33
lasagna,/m/011jxn,2009-09,32
lasagna,/m/011jxn,2009-10,29
lasagna,/m/011jxn,2009-11,26
lasagna,/m/011jxn,2009-12,30
lasagna,/m/011jxn,2009-13,28
lasagna,/m/011jxn,2009-14,30
lasagna,/m/011jxn,2009-15,22
lasagna,/m/011jxn,2009-16,23
lasagna,/m/011jxn,2009-17,24
lasagna,/m/011jxn,2009-18,25
lasagna,/m/011jxn,2009-19,24
lasagna,/m/011jxn,2009-20,21
lasagna,/m/011jxn,2009-21,21
lasagna,/m/011jxn,2009-22,23
lasagna,/m/011jxn,2009-23,22
lasagna,/m/011jxn,2009-24,24
lasagna,/m/011jxn,2009-25,21
lasagna,/m/011jxn,2009-26,21
lasagna,/m/011jxn,2009-27,21
lasagna,/m/011jxn,2009-28,23
lasagna,/m/011jxn,2009-29,24
lasagna,/m/011jxn,2009-30,26
lasagna,/m/011jxn,2009-31,26
lasagna,/m/011jxn,2009-32,27
lasagna,/m/011jxn,2009-33,27
lasagna,/m/011jxn,2009-34,26
lasagna,/m/011jxn,2009-35,28
lasagna,/m/011jxn,2009-36,29
lasagna,/m/011jxn,2009-37,28
lasagna,/m/011jxn,2009-38,29
lasagna,/m/011jxn,2009-39,29
lasagna,/m/011jxn,2009-40,32
lasagna,/m/011jxn,2009-41,34
lasagna,/m/011jxn,2009-42,32
lasagna,/m/011jxn,2009-43,30
lasagna,/m/011jxn,2009-44,32
lasagna,/m/011jxn,2009-45,36
lasagna,/m/011jxn,2009-46,34
lasagna,/m/011jxn,2009-47,32
lasagna,/m/011jxn,2009-48,29
lasagna,/m/011jxn,2009-49,33
lasagna,/m/011jxn,2009-50,38
lasagna,/m/011jxn,2009-51,64
lasagna,/m/011jxn,2009-52,44
lasagna,/m/011jxn,2010-01,37
lasagna,/m/011jxn,2010-02,36
lasagna,/m/011jxn,2010-03,39
lasagna,/m/011jxn,2010-04,35
lasagna,/m/011jxn,2010-05,33
lasagna,/m/011jxn,2010-06,35
lasagna,/m/011jxn,2010-07,34
lasagna,/m/011jxn,2010-08,33
lasagna,/m/011jxn,2010-09,31
lasagna,/m/011jxn,2010-10,30
lasagna,/m/011jxn,2010-11,30
lasagna,/m/011jxn,2010-12,30
lasagna,/m/011jxn,2010-13,33
lasagna,/m/011jxn,2010-14,25
lasagna,/m/011jxn,2010-15,27
lasagna,/m/011jxn,2010-16,27
lasagna,/m/011jxn,2010-17,27
lasagna,/m/011jxn,2010-18,27
lasagna,/m/011jxn,2010-19,29
lasagna,/m/011jxn,2010-20,27
lasagna,/m/011jxn,2010-21,22
lasagna,/m/011jxn,2010-22,22
lasagna,/m/011jxn,2010-23,25
lasagna,/m/011jxn,2010-24,27
lasagna,/m/011jxn,2010-25,25
lasagna,/m/011jxn,2010-26,23
lasagna,/m/011jxn,2010-27,22
lasagna,/m/011jxn,2010-28,25
lasagna,/m/011jxn,2010-29,27
lasagna,/m/011jxn,2010-30,27
lasagna,/m/011jxn,2010-31,27
lasagna,/m/011jxn,2010-32,28
lasagna,/m/011jxn,2010-33,28
lasagna,/m/011jxn,2010-34,29
lasagna,/m/011jxn,2010-35,28
lasagna,/m/011jxn,2010-36,31
lasagna,/m/011jxn,2010-37,32
lasagna,/m/011jxn,2010-38,31
lasagna,/m/011jxn,2010-39,32
lasagna,/m/011jxn,2010-40,36
lasagna,/m/011jxn,2010-41,36
lasagna,/m/011jxn,2010-42,35
lasagna,/m/011jxn,2010-43,37
lasagna,/m/011jxn,2010-44,36
lasagna,/m/011jxn,2010-45,40
lasagna,/m/011jxn,2010-46,39
lasagna,/m/011jxn,2010-47,36
lasagna,/m/011jxn,2010-48,31
lasagna,/m/011jxn,2010-49,38
lasagna,/m/011jxn,2010-50,42
lasagna,/m/011jxn,2010-51,67
lasagna,/m/011jxn,2010-52,45
lasagna,/m/011jxn,2011-01,42
lasagna,/m/011jxn,2011-02,44
lasagna,/m/011jxn,2011-03,44
lasagna,/m/011jxn,2011-04,42
lasagna,/m/011jxn,2011-05,43
lasagna,/m/011jxn,2011-06,40
lasagna,/m/011jxn,2011-07,40
lasagna,/m/011jxn,2011-08,39
lasagna,/m/011jxn,2011-09,38
lasagna,/m/011jxn,2011-10,39
lasagna,/m/011jxn,2011-11,36
lasagna,/m/011jxn,2011-12,36
lasagna,/m/011jxn,2011-13,36
lasagna,/m/011jxn,2011-14,35
lasagna,/m/011jxn,2011-15,33
lasagna,/m/011jxn,2011-16,36
lasagna,/m/011jxn,2011-17,30
lasagna,/m/011jxn,2011-18,30
lasagna,/m/011jxn,2011-19,30
lasagna,/m/011jxn,2011-20,30
lasagna,/m/011jxn,2011-21,28
lasagna,/m/011jxn,2011-22,25
lasagna,/m/011jxn,2011-23,28
lasagna,/m/011jxn,2011-24,31
lasagna,/m/011jxn,2011-25,28
lasagna,/m/011jxn,2011-26,27
lasagna,/m/011jxn,2011-27,27
lasagna,/m/011jxn,2011-28,30
lasagna,/m/011jxn,2011-29,30
lasagna,/m/011jxn,2011-30,33
lasagna,/m/011jxn,2011-31,34
lasagna,/m/011jxn,2011-32,34
lasagna,/m/011jxn,2011-33,36
lasagna,/m/011jxn,2011-34,36
lasagna,/m/011jxn,2011-35,33
lasagna,/m/011jxn,2011-36,36
lasagna,/m/011jxn,2011-37,38
lasagna,/m/011jxn,2011-38,39
lasagna,/m/011jxn,2011-39,38
lasagna,/m/011jxn,2011-40,38
lasagna,/m/011jxn,2011-41,41
lasagna,/m/011jxn,2011-42,43
lasagna,/m/011jxn,2011-43,41
lasagna,/m/011jxn,2011-44,41
lasagna,/m/011jxn,2011-45,45
lasagna,/m/011jxn,2011-46,43
lasagna,/m/011jxn,2011-47,43
lasagna,/m/011jxn,2011-48,37
lasagna,/m/011jxn,2011-49,42
lasagna,/m/011jxn,2011-50,47
lasagna,/m/011jxn,2011-51,72
lasagna,/m/011jxn,2011-52,51
lasagna,/m/011jxn,2012-01,44
lasagna,/m/011jxn,2012-02,48
lasagna,/m/011jxn,2012-03,49
lasagna,/m/011jxn,2012-04,45
lasagna,/m/011jxn,2012-05,45
lasagna,/m/011jxn,2012-06,41
lasagna,/m/011jxn,2012-07,46
lasagna,/m/011jxn,2012-08,45
lasagna,/m/011jxn,2012-09,41
lasagna,/m/011jxn,2012-10,41
lasagna,/m/011jxn,2012-11,35
lasagna,/m/011jxn,2012-12,33
lasagna,/m/011jxn,2012-13,36
lasagna,/m/011jxn,2012-14,38
lasagna,/m/011jxn,2012-15,34
lasagna,/m/011jxn,2012-16,32
lasagna,/m/011jxn,2012-17,36
lasagna,/m/011jxn,2012-18,33
lasagna,/m/011jxn,2012-19,35
lasagna,/m/011jxn,2012-20,31
lasagna,/m/011jxn,2012-21,31
lasagna,/m/011jxn,2012-22,28
lasagna,/m/011jxn,2012-23,32
lasagna,/m/011jxn,2012-24,32
lasagna,/m/011jxn,2012-25,33
lasagna,/m/011jxn,2012-26,29
lasagna,/m/011jxn,2012-27,28
lasagna,/m/011jxn,2012-28,32
lasagna,/m/011jxn,2012-29,33
lasagna,/m/011jxn,2012-30,34
lasagna,/m/011jxn,2012-31,35
lasagna,/m/011jxn,2012-32,37
lasagna,/m/011jxn,2012-33,35
lasagna,/m/011jxn,2012-34,38
lasagna,/m/011jxn,2012-35,37
lasagna,/m/011jxn,2012-36,38
lasagna,/m/011jxn,2012-37,39
lasagna,/m/011jxn,2012-38,41
lasagna,/m/011jxn,2012-39,42
lasagna,/m/011jxn,2012-40,44
lasagna,/m/011jxn,2012-41,46
lasagna,/m/011jxn,2012-42,44
lasagna,/m/011jxn,2012-43,43
lasagna,/m/011jxn,2012-44,43
lasagna,/m/011jxn,2012-45,45
lasagna,/m/011jxn,2012-46,47
lasagna,/m/011jxn,2012-47,45
lasagna,/m/011jxn,2012-48,39
lasagna,/m/011jxn,2012-49,43
lasagna,/m/011jxn,2012-50,46
lasagna,/m/011jxn,2012-51,59
lasagna,/m/011jxn,2012-52,76
lasagna,/m/011jxn,2013-01,49
lasagna,/m/011jxn,2013-02,49
lasagna,/m/011jxn,2013-03,49
lasagna,/m/011jxn,2013-04,48
lasagna,/m/011jxn,2013-05,44
lasagna,/m/011jxn,2013-06,49
lasagna,/m/011jxn,2013-07,50
lasagna,/m/011jxn,2013-08,45
lasagna,/m/011jxn,2013-09,43
lasagna,/m/011jxn,2013-10,40
lasagna,/m/011jxn,2013-11,40
lasagna,/m/011jxn,2013-12,47
lasagna,/m/011jxn,2013-13,41
lasagna,/m/011jxn,2013-14,43
lasagna,/m/011jxn,2013-15,40
lasagna,/m/011jxn,2013-16,38
lasagna,/m/011jxn,2013-17,35
lasagna,/m/011jxn,2013-18,36
lasagna,/m/011jxn,2013-19,34
lasagna,/m/011jxn,2013-20,32
lasagna,/m/011jxn,2013-21,30
lasagna,/m/011jxn,2013-22,33
lasagna,/m/011jxn,2013-23,35
lasagna,/m/011jxn,2013-24,34
lasagna,/m/011jxn,2013-25,33
lasagna,/m/011jxn,2013-26,33
lasagna,/m/011jxn,2013-27,36
lasagna,/m/011jxn,2013-28,36
lasagna,/m/011jxn,2013-29,39
lasagna,/m/011jxn,2013-30,42
lasagna,/m/011jxn,2013-31,40
lasagna,/m/011jxn,2013-32,41
lasagna,/m/011jxn,2013-33,40
lasagna,/m/011jxn,2013-34,38
lasagna,/m/011jxn,2013-35,40
lasagna,/m/011jxn,2013-36,42
lasagna,/m/011jxn,2013-37,43
lasagna,/m/011jxn,2013-38,45
lasagna,/m/011jxn,2013-39,48
lasagna,/m/011jxn,2013-40,48
lasagna,/m/011jxn,2013-41,48
lasagna,/m/011jxn,2013-42,50
lasagna,/m/011jxn,2013-43,48
lasagna,/m/011jxn,2013-44,49
lasagna,/m/011jxn,2013-45,48
lasagna,/m/011jxn,2013-46,49
lasagna,/m/011jxn,2013-47,50
lasagna,/m/011jxn,2013-48,40
lasagna,/m/011jxn,2013-49,48
lasagna,/m/011jxn,2013-50,59
lasagna,/m/011jxn,2013-51,88
lasagna,/m/011jxn,2013-52,57
lasagna,/m/011jxn,2014-01,50
lasagna,/m/011jxn,2014-02,50
lasagna,/m/011jxn,2014-03,51
lasagna,/m/011jxn,2014-04,49
lasagna,/m/011jxn,2014-05,45
lasagna,/m/011jxn,2014-06,49
lasagna,/m/011jxn,2014-07,47
lasagna,/m/011jxn,2014-08,45
lasagna,/m/011jxn,2014-09,45
lasagna,/m/011jxn,2014-10,40
lasagna,/m/011jxn,2014-11,38
lasagna,/m/011jxn,2014-12,41
lasagna,/m/011jxn,2014-13,39
lasagna,/m/011jxn,2014-14,37
lasagna,/m/011jxn,2014-15,40
lasagna,/m/011jxn,2014-16,34
lasagna,/m/011jxn,2014-17,37
lasagna,/m/011jxn,2014-18,37
lasagna,/m/011jxn,2014-19,34
lasagna,/m/011jxn,2014-20,34
lasagna,/m/011jxn,2014-21,29
lasagna,/m/011jxn,2014-22,30
lasagna,/m/011jxn,2014-23,34
lasagna,/m/011jxn,2014-24,32
lasagna,/m/011jxn,2014-25,33
lasagna,/m/011jxn,2014-26,32
lasagna,/m/011jxn,2014-27,34
lasagna,/m/011jxn,2014-28,37
lasagna,/m/011jxn,2014-29,39
lasagna,/m/011jxn,2014-30,40
lasagna,/m/011jxn,2014-31,39
lasagna,/m/011jxn,2014-32,38
lasagna,/m/011jxn,2014-33,39
lasagna,/m/011jxn,2014-34,37
lasagna,/m/011jxn,2014-35,39
lasagna,/m/011jxn,2014-36,39
lasagna,/m/011jxn,2014-37,41
lasagna,/m/011jxn,2014-38,43
lasagna,/m/011jxn,2014-39,46
lasagna,/m/011jxn,2014-40,48
lasagna,/m/011jxn,2014-41,47
lasagna,/m/011jxn,2014-42,44
lasagna,/m/011jxn,2014-43,43
lasagna,/m/011jxn,2014-44,46
lasagna,/m/011jxn,2014-45,49
lasagna,/m/011jxn,2014-46,49
lasagna,/m/011jxn,2014-47,51
lasagna,/m/011jxn,2014-48,40
lasagna,/m/011jxn,2014-49,49
lasagna,/m/011jxn,2014-50,57
lasagna,/m/011jxn,2014-51,90
lasagna,/m/011jxn,2014-52,57
lasagna,/m/011jxn,2015-01,50
lasagna,/m/011jxn,2015-02,50
lasagna,/m/011jxn,2015-03,50
lasagna,/m/011jxn,2015-04,47
lasagna,/m/011jxn,2015-05,42
lasagna,/m/011jxn,2015-06,45
lasagna,/m/011jxn,2015-07,47
lasagna,/m/011jxn,2015-08,44
lasagna,/m/011jxn,2015-09,45
lasagna,/m/011jxn,2015-10,39
lasagna,/m/011jxn,2015-11,36
lasagna,/m/011jxn,2015-12,39
lasagna,/m/011jxn,2015-13,41
lasagna,/m/011jxn,2015-14,36
lasagna,/m/011jxn,2015-15,33
lasagna,/m/011jxn,2015-16,34
lasagna,/m/011jxn,2015-17,32
lasagna,/m/011jxn,2015-18,33
lasagna,/m/011jxn,2015-19,33
lasagna,/m/011jxn,2015-20,32
lasagna,/m/011jxn,2015-21,29
lasagna,/m/011jxn,2015-22,36
lasagna,/m/011jxn,2015-23,31
lasagna,/m/011jxn,2015-24,33
lasagna,/m/011jxn,2015-25,32
lasagna,/m/011jxn,2015-26,33
lasagna,/m/011jxn,2015-27,34
lasagna,/m/011jxn,2015-28,39
lasagna,/m/011jxn,2015-29,38
lasagna,/m/011jxn,2015-30,39
lasagna,/m/011jxn,2015-31,37
lasagna,/m/011jxn,2015-32,39
lasagna,/m/011jxn,2015-33,38
lasagna,/m/011jxn,2015-34,39
lasagna,/m/011jxn,2015-35,37
lasagna,/m/011jxn,2015-36,38
lasagna,/m/011jxn,2015-37,39
lasagna,/m/011jxn,2015-38,41
lasagna,/m/011jxn,2015-39,42
lasagna,/m/011jxn,2015-40,47
lasagna,/m/011jxn,2015-41,44
lasagna,/m/011jxn,2015-42,47
lasagna,/m/011jxn,2015-43,44
lasagna,/m/011jxn,2015-44,47
lasagna,/m/011jxn,2015-45,50
lasagna,/m/011jxn,2015-46,47
lasagna,/m/011jxn,2015-47,53
lasagna,/m/011jxn,2015-48,39
lasagna,/m/011jxn,2015-49,45
lasagna,/m/011jxn,2015-50,54
lasagna,/m/011jxn,2015-51,100
lasagna,/m/011jxn,2015-52,61
lasagna,/m/011jxn,2016-01,51
lasagna,/m/011jxn,2016-02,52
lasagna,/m/011jxn,2016-03,59
lasagna,/m/011jxn,2016-04,50
lasagna,/m/011jxn,2016-05,48
lasagna,/m/011jxn,2016-06,44
lasagna,/m/011jxn,2016-07,46
lasagna,/m/011jxn,2016-08,46
lasagna,/m/011jxn,2016-09,43
lasagna,/m/011jxn,2016-10,43
lasagna,/m/011jxn,2016-11,38
lasagna,/m/011jxn,2016-12,46
lasagna,/m/011jxn,2016-13,38
lasagna,/m/011jxn,2016-14,42
lasagna,/m/011jxn,2016-15,38
lasagna,/m/011jxn,2016-16,35
lasagna,/m/011jxn,2016-17,37
lasagna,/m/011jxn,2016-18,38
lasagna,/m/011jxn,2016-19,36
lasagna,/m/011jxn,2016-20,36
lasagna,/m/011jxn,2016-21,34
lasagna,/m/011jxn,2016-22,29
lasagna,/m/011jxn,2016-23,33
lasagna,/m/011jxn,2016-24,33
lasagna,/m/011jxn,2016-25,32
lasagna,/m/011jxn,2016-26,35
lasagna,/m/011jxn,2016-27,35
lasagna,/m/011jxn,2016-28,36
lasagna,/m/011jxn,2016-29,37
lasagna,/m/011jxn,2016-30,38
lasagna,/m/011jxn,2016-31,38
lasagna,/m/011jxn,2016-32,38
lasagna,/m/011jxn,2016-33,39
lasagna,/m/011jxn,2016-34,38
lasagna,/m/011jxn,2016-35,38
lasagna,/m/011jxn,2016-36,37
lasagna,/m/011jxn,2016-37,40
lasagna,/m/011jxn,2016-38,41
lasagna,/m/011jxn,2016-39,42
lasagna,/m/011jxn,2016-40,43
lasagna,/m/011jxn,2016-41,46
lasagna,/m/011jxn,2016-42,42
lasagna,/m/011jxn,2016-43,41
lasagna,/m/011jxn,2016-44,42
lasagna,/m/011jxn,2016-45,44
lasagna,/m/011jxn,2016-46,48
lasagna,/m/011jxn,2016-47,55
lasagna,/m/011jxn,2016-48,37
lasagna,/m/011jxn,2016-49,46
lasagna,/m/011jxn,2016-50,54
lasagna,/m/011jxn,2016-51,90
lasagna,/m/011jxn,2016-52,64